{
    "traffic": {
        "co": 0.20842944041287348,
        "nh3": -0.26793542233569667,
        "no2": 0.8263518241740755,
        "o3": -0.6365190264626861,
        "pm10": 4.4927110120733715,
        "pm25": 3.4205245943372233,
        "so2": 0.9943032640849978
    },
    "festival": {
        "co": 0.3650787355518712,
        "nh3": -0.12300257681074456,
        "no2": 0.8943822349676456,
        "o3": 3.5953644542227323,
        "pm10": 9.290365382951435,
        "pm25": 11.092129135481237,
        "so2": 0.7232722749619054
    },
    "industrial": {
        "co": 0.14455906083203207,
        "nh3": -0.4850316577785083,
        "no2": -0.42093775483347606,
        "o3": 0.16253352677859745,
        "pm10": 16.876256722404094,
        "pm25": 3.8479135283646855,
        "so2": -0.41940953420575333
    }
}